<?xml version="1.0" encoding="UTF-8"?>
<!DOCTYPE mapper PUBLIC "-//mybatis.org//DTD Mapper 3.0//EN" "http://mybatis.org/dtd/mybatis-3-mapper.dtd">

<mapper namespace="com.example.jpetstore.dao.mybatis.mapper.AuctionMapper">
  <cache />

<!-- 전부 OK 쿼리 -->

	<select id="getAuctionsByCategoryId" resultType="Auction"> 
		SELECT AUCTIONID,
			IMAGE, 
			CONTENT, 
			MINIMUMPRICE, 
			FINALPRICE, 
			DEADLINE, 
			DEADLINEFLAG, 
			SELLER, 
			BUYER, 
			CATEGORYID, 
			PRODUCTID, 
			CARTID 
		FROM AUCTION 
		WHERE CATEGORYID= #{categoryId}
	</select>


	<select id="getAuctionsByProductId" resultType="Auction"> 
		SELECT AUCTIONID,
			IMAGE, 
			CONTENT, 
			MINIMUMPRICE, 
			FINALPRICE, 
			DEADLINE, 
			DEADLINEFLAG, 
			SELLER, 
			BUYER, 
			CATEGORYID, 
			PRODUCTID, 
			CARTID 
		FROM AUCTION 
		WHERE PRODUCTID= #{productId}
	</select>

	 <select id="getMadeAuctionsByUsername" resultType="Auction"> 
	 	SELECT AUCTIONID,
			IMAGE, 
			CONTENT, 
			MINIMUMPRICE, 
			FINALPRICE, 
			DEADLINE, 
			DEADLINEFLAG, 
			SELLER, 
			BUYER, 
			CATEGORYID, 
			PRODUCTID, 
			CARTID 
		FROM AUCTION 
		WHERE SELLER= #{username}
	</select>

	  
	<select id="getMadeAuction" resultType="Auction"> 
	 	SELECT AUCTIONID,
			IMAGE, 
			CONTENT, 
			MINIMUMPRICE, 
			FINALPRICE, 
			DEADLINE, 
			DEADLINEFLAG, 
			SELLER, 
			BUYER, 
			CATEGORYID, 
			PRODUCTID, 
			CARTID 
		FROM AUCTION 
		WHERE SELLER= #{username} AND AUCTIONID = #{auctionId}
	</select>
	  
	  

	  <insert id="makeAuction" parameterType="Auction">
		INSERT INTO ACCOUNT
      		(AUCTIONID,IMAGE, CONTENT, MINIMUMPRICE, DEADLINE, DEADLINEFLAG, SELLER, CATEGORYID, PRODUCTID)
    	VALUES
      		(#{auctionId}, #{minimumPrice}, #{deadline}, #{deadlineFlag}, #{seller}, #{categoryId}, #{productId})
      </insert>
      
     
	
	<delete id="deleteAccount" parameterType="Auction">
   		DELETE FROM AUCTION WHERE AUCTIONID = #{auctionId}
  	</delete>



	<select id="getBidsByUsername" resultType="Auction"> 
	 	SELECT AUCTIONID,
			IMAGE, 
			CONTENT, 
			MINIMUMPRICE, 
			FINALPRICE, 
			DEADLINE, 
			DEADLINEFLAG, 
			SELLER, 
			BUYER, 
			CATEGORYID, 
			PRODUCTID, 
			CARTID 
		FROM AUCTION 
		WHERE BUYER = #{username}
	</select>


	
	<select id="getBid" resultType="Auction"> 
	 	SELECT AUCTIONID,
			IMAGE, 
			CONTENT, 
			MINIMUMPRICE, 
			FINALPRICE, 
			DEADLINE, 
			DEADLINEFLAG, 
			SELLER, 
			BUYER, 
			CATEGORYID, 
			PRODUCTID, 
			CARTID 
		FROM AUCTION 
		WHERE BUYER = #{username} AND AUCTIONID = #{auctionId} 
	</select>
	
	

	<insert id="insertBid" parameterType="Bid">
	   INSERT INTO ACCOUNT
	   		(BIDID, BIDPRICE, AUCTIONID, USERID)
	   VALUES
	   		(#{bidId}, #{bidPrice}, #{auctionId}, #{userId})
	</insert>
	
	
</mapper>