<?xml version="1.0" encoding="UTF-8"?>
<!DOCTYPE mapper PUBLIC "-//mybatis.org//DTD Mapper 3.0//EN" "http://mybatis.org/dtd/mybatis-3-mapper.dtd">

<mapper namespace="com.example.jpetstore.dao.mybatis.mapper.CartMapper">
  <cache />


	<select id="getGoodsItemByUsername" resultType="GoodsItem"> 
		SELECT C.CARTID, 
			C.ITEMID,
			C.QUANTITY, 
			C.LISTPRICE, 
			C.TOTALCOST, 
			C.DESCN, 
			C.USERID, 
			I.ITEMID AS "item.itemId",
			I.PRODUCTID AS "product.productId",
			I.PRICE, 
			I.CONTENT, 
			I.IMAGE, 
			I.SUPPLIER,
			QTY AS quantity
		FROM CART C, ITEM I , INVENTORY V
		WHERE C.ITEMID = I.ITEMID  AND I.ITEMID = V.ITEMID AND USERID = #{username}
	</select>
	
	
	<insert id="insertGoodsItemToCart" parameterType="Cart">
		INSERT INTO CART (CARTID, ITEMID, QUANTITY, INSTOCK, LISTPRICE, TOTALCOST, DESCN, USERID)
		VALUES  (#{cartId}, #{goodsItemId????}, #{quantity}, #{inStock}, #{listPrice},  #{totalCost},  #{descn},  #{userId} )
	</insert>
	

	<!-- 동물은 한마리니까 qty 필요없음 -->
	<select id="getItemByUsername" resultType="Item"> 
		SELECT C.CARTID, 
			C.ITEMID,
			C.QUANTITY, 
			C.LISTPRICE, 
			C.TOTALCOST, 
			C.DESCN, 
			C.USERID, 
			I.ITEMID AS "item.itemId",
			I.PRODUCTID AS "product.productId",
			I.PRICE, 
			I.CONTENT, 
			I.IMAGE, 
			I.SUPPLIER
		FROM CART C, ITEM I
		WHERE C.ITEMID = I.ITEMID AND USERID = #{username}
	</select>
	
	
	<!-- instock을 쓸까말까 고민중... inventory의 qty 로 써도 될것같은데  그리고 카트에 담아두기만 해서 qty에서 0되면 자동으로 재고 품절로 뜨게 하면 좋을 것 같다. -->
	<insert id="issueCoupon" parameterType="Cart">
		INSERT INTO CART (CARTID, ITEMID, QUANTITY, INSTOCK, LISTPRICE, TOTALCOST, DESCN, USERID)
		VALUES  (#{cartId}, #{itemId}, #{quantity}, #{inStock}, #{listPrice},  #{totalCost},  #{descn},  #{userId} )
	</insert>
	
	
	
	<delete id="deleteCart" parameterType="Cart">
   		DELETE FROM COUPON WHERE CARTID = #{cartId} AND USERID = #{username} 
  	</delete>
	
	
	<delete id="deleteCart" parameterType="Cart">
   		DELETE FROM COUPON WHERE CARTID = #{cartId} AND ITEMID = #{itemId}  AND USERID = #{username} 
  	</delete>
	
	

</mapper>