<?xml version="1.0" encoding="UTF-8"?>
<!DOCTYPE mapper PUBLIC "-//mybatis.org//DTD Mapper 3.0//EN" "http://mybatis.org/dtd/mybatis-3-mapper.dtd">

<mapper namespace="com.example.jpetstore.dao.mybatis.mapper.CouponMapper">
  <cache />


	<select id="getCoupon" resultType="Coupon"> 
		SELECT COUPONID, 
			COUPONNAME, 
			ISSUE, 
			EXPIRE, 
			DISCOUNT, 
			USERID 
		FROM COUPON
		WHERE USERID = #{username} AND COUPONID = #{couponId}
	</select>
	
	<insert id="issueCoupon" parameterType="Coupon">
	  	   INSERT INTO ACCOUNT
      		(COUPONID, COUPONNAME, ISSUE, EXPIRE, DISCOUNT, USERID)
   		 VALUES 
        	(#{couponId}, #{couponName}, #{issue}, #{expire}, #{discount}, #{username.username})
	</insert>

	<delete id="deleteCoupon" parameterType="Coupon">
   		DELETE FROM COUPON WHERE COUPONID = #{couponId} AND USERID = #{username} 
  	</delete>
  	

	 <select id="getCouponlist" resultType="Coupon"> 
		SELECT COUPONID, 
			COUPONNAME, 
			ISSUE, 
			EXPIRE, 
			DISCOUNT, 
			USERID 
		FROM COUPON
		WHERE COUPONID = #{couponId}
	</select>
</mapper>