<?xml version="1.0" encoding="UTF-8"?>
<!DOCTYPE mapper PUBLIC "-//mybatis.org//DTD Mapper 3.0//EN" "http://mybatis.org/dtd/mybatis-3-mapper.dtd">

<mapper namespace="com.example.jpetstore.dao.mybatis.mapper.DiaryMapper">
  <cache />
  

	<select id="getDiary" resultType="Diary"> 
		SELECT DIARYID,
			D_DATE,
			PETNAME, 
			CELEBRATE, 
			MEMO_ID,
			MEMO,
			USERID
		FROM DIARY
		WHERE USERID = #{username} AND PETNAME = #{petname} AND D_DATE = #{date}
	</select>

	  <!-- parameterType을 맞추려면 parameter 하나하나 String이 아닌 Diary 하나만 만들어야하나?? 그러면 Diary domain에 3개 property만 갖는 Diary 생성자 필요하려나?-->
	<insert id="insertDiaryList" parameterType="Diary">
		INSERT INTO DIARY (DIARYID, D_DATE, PETNAME, CELEBRATE, MEMO_ID, MEMO, USERID) 
		VALUES (#{diaryId}, #{date}, #{petName}, #{celebrate}, #{memoId}, #{memo} , #{username})
	</insert>

	 <select id="getDiaryList" resultType="Diary"> 
		SELECT DIARYID,
			D_DATE
			PETNAME, 
			CELEBRATE, 
			MEMO_ID,
			MEMO,
			USERID
		FROM DIARY
		WHERE USERID = #{username} 
	</select>
	
	  
  <update id="updateDiary" parameterType="Diary">
    UPDATE DIARY SET
   	  PETNAME = #{petName},
      D_DATE = #{date},
      MEMO = #{memo},
      CELEBRATE = #{celebrate}
    WHERE USERID = #{username} AND DIARYID = #{diaryId} AND MEMO_ID = #{memoId} 
  </update>

  	<delete id="deleteDiaryByPetName" parameterType="Diary">
   		DELETE FROM DIARY WHERE DIARYID = #{diaryId} AND USERID = #{username} AND PETNAME = #{petName} 
  	</delete>
	  
  	<delete id="deleteDiary" parameterType="Diary">
   		DELETE FROM DIARY WHERE DIARYID = #{diaryId} AND USERID = #{username} AND MEMO_ID = #{memoId} 
  	</delete>
</mapper>