<?xml version="1.0" encoding="UTF-8"?>
<!DOCTYPE mapper PUBLIC "-//mybatis.org//DTD Mapper 3.0//EN" "http://mybatis.org/dtd/mybatis-3-mapper.dtd">

<mapper namespace="com.example.jpetstore.dao.mybatis.mapper.GoodsItemMapper">
  <cache />



<!-- item 테이블에서 cartid 없애고 supplier 추가함  (굿즈는 account에 회사계정 만들어서 사용할 예정) // cartid 필요성?? - 예슬 -->
  <select id="getGoodsItemByProduct" resultType="GoodsItem">
<!-- OK 쿼리 -->
 	SELECT
      I.ITEMID,
      I.PRODUCTID,
      PRICE,
      content,
      image,
      supplier,
      I.PRODUCTID AS "product.productId",
      NAME AS "product.name",
      DESCN AS "product.description",
      CATEGORYID AS "product.categoryId"
    FROM ITEM I, PRODUCT P
    WHERE P.PRODUCTID = I.PRODUCTID AND I.PRODUCTID = #{value}
  </select>
  
 

  <select id="getGoodsItem" resultType="GoodsItem">
  <!-- OK 쿼리 -->
 	SELECT
      I.ITEMID,
      I.PRODUCTID,
      PRICE,
      content,
      image,
      supplier,
      I.PRODUCTID AS "product.productId",
      NAME AS "product.name",
      DESCN AS "product.description",
      CATEGORYID AS "product.categoryId",
      QTY AS quantity
    FROM ITEM I,  INVENTORY V, PRODUCT P
    WHERE P.PRODUCTID = I.PRODUCTID
      AND I.ITEMID = V.ITEMID
      AND I.ITEMID = #{value}
  </select>


  <select id="getInventoryQuantity" resultType="int">
      <!-- OK 쿼리 -->
    SELECT QTY AS value
    FROM INVENTORY
    WHERE ITEMID = #{itemId}
  </select>

  <update id="updateInventoryQuantity">
    <!-- OK 쿼리 -->
    UPDATE INVENTORY 
    SET QTY = QTY - #{increment}
    WHERE ITEMID = #{itemId}
  </update>
 
  
  	<insert id="insertGoodsItem" parameterType="GoodsItem">
		INSERT INTO ITEM (ITEMID, PRODUCTID, PRICE, CONTENT, IMAGE, SUPPLIER) 
		VALUES (#{goodsItemId}, #{goodsProductId}, #{price},  #{content},  #{image},  #{supplier} )
	</insert>
	
	
	<delete id="deleteGoodsItem" parameterType="GoodsItem">
   		DELETE FROM ITEM WHERE ITEMID = #{itemId} 
  	</delete>
	
  
</mapper>