<?xml version="1.0" encoding="UTF-8"?>
<!DOCTYPE mapper PUBLIC "-//mybatis.org//DTD Mapper 3.0//EN" "http://mybatis.org/dtd/mybatis-3-mapper.dtd">

<mapper namespace="com.example.jpetstore.dao.mybatis.mapper.NoteMapper">
  <cache />
  

	<insert id="sendNote" parameterType="Note">
		INSERT INTO NOTE (NOTEID, M_DATE, MESSAGE, SEND_CHECK, SENDER, RECEIVER) 
		VALUES (#{noteId}, #{date}, #{message}, #{sendCheck}, #{sender}, #{receiver})
	</insert>
	

	  
	  <delete id="deleteNote" parameterType="Note">
   		DELETE FROM NOTE WHERE NOTEID = #{noteId} AND USERID = #{username}
  	</delete>


	  <select id="getNoteList" resultType="Note"> 
		SELECT NOTEID,
			M_DATE,
			MESSAGE, 
			SEND_CHECK, 
			SENDER,
			RECEIVER,
		FROM NOTE
		WHERE USERID = #{username}
	</select>
	  

	  <select id="selectNote" resultType="Note"> 
		SELECT NOTEID,
			M_DATE,
			MESSAGE, 
			SEND_CHECK, 
			SENDER,
			RECEIVER
		FROM NOTE
		WHERE USERID = #{username} AND NOTEID = #{noteId}
	</select>
	  
	  <select id="searchNoteList" resultType="Note">
		SELECT NOTEID,
			M_DATE,
			MESSAGE, 
			SEND_CHECK, 
			SENDER,
			RECEIVER
		FROM NOTE
    	WHERE lower(sender) like #{value}
  </select>
	  
</mapper>